Longitude (x),Latitude (y),Nom de la Station,ID climatologique,Date/Heure,Année,Mois,Jour,Qualité des Données,Temp max.(°C),Temp max. Indicateur,Temp min.(°C),Temp min. Indicateur,Temp moy.(°C),Temp moy. Indicateur,DJC (°C),DJC Indicateur,DJR (°C),DJR Indicateur,Pluie tot. (mm),Pluie tot. Indicateur,Neige tot. (cm),Neige tot. Indicateur,Précip. tot. (mm),Précip. tot. Indicateur,Neige au sol (cm),Neige au sol Indicateur,Dir. raf. max. (10s deg),Dir. raf. max. Indicateur,Vit. raf. max. (km/h),Vit. raf. max. Indicateur
-71.9,45.4,SHERBROOKE,7028120,1970-01-01,1970,1,1,,-12.8,,-21.1,,-17,,35,,0,,0,,0,,0,,,,,,,
-71.9,45.4,SHERBROOKE,7028120,1970-01-02,1970,1,2,,-11.7,,-17.2,,-14.5,,32.5,,0,,0,,0,,0,,,,,,,
-71.9,45.4,SHERBROOKE,7028120,1970-01-03,1970,1,3,,-9.4,,-19.4,,-14.4,,32.4,,0,,0,,0,,0,,,,,,,
-71.9,45.4,SHERBROOKE,7028120,1970-01-04,1970,1,4,,-16.7,,-27.2,,-22,,40,,0,,0,,0,,0,,,,,,,
-71.9,45.4,SHERBROOKE,7028120,1970-01-05,1970,1,5,,-7.2,,-27.2,,-17.2,,35.2,,0,,0,,4.8,,4.8,,,,,,,
-71.9,45.4,SHERBROOKE,7028120,1970-01-06,1970,1,6,,-6.1,,-11.7,,-8.9,,26.9,,0,,0,,0,,0,,,,,,,
-71.9,45.4,SHERBROOKE,7028120,1970-01-07,1970,1,7,,-12.2,,-22.8,,-17.5,,35.5,,0,,0,,0,,0,,,,,,,
-71.9,45.4,SHERBROOKE,7028120,1970-01-08,1970,1,8,,-9.4,,-21.1,,-15.3,,33.3,,0,,0,,0,T,0,T,,,,,,
-71.9,45.4,SHERBROOKE,7028120,1970-01-09,1970,1,9,,-10.6,,-15.6,,-13.1,,31.1,,0,,0,,1.5,,1.5,,,,,,,
-71.9,45.4,SHERBROOKE,7028120,1970-01-10,1970,1,10,,-13.3,,-14.4,,-13.9,,31.9,,0,,0,,0,,0,,,,,,,
-71.9,45.4,SHERBROOKE,7028120,1970-01-11,1970,1,11,,-12.8,,-16.7,,-14.8,,32.8,,0,,0,,0.5,,0.5,,,,,,,
-71.9,45.4,SHERBROOKE,7028120,1970-01-12,1970,1,12,,-12.8,,-25,,-18.9,,36.9,,0,,0,,1.8,,1.8,,,,,,,
-71.9,45.4,SHERBROOKE,7028120,1970-01-13,1970,1,13,,-12.2,,-16.1,,-14.2,,32.2,,0,,0,,0.8,,0.8,,,,,,,
-71.9,45.4,SHERBROOKE,7028120,1970-01-14,1970,1,14,,-16.1,,-19.4,,-17.8,,35.8,,0,,0,,0,,0,,,,,,,
-71.9,45.4,SHERBROOKE,7028120,1970-01-15,1970,1,15,,-20,,-23.3,,-21.7,,39.7,,0,,0,,0,,0,,,,,,,
-71.9,45.4,SHERBROOKE,7028120,1970-01-16,1970,1,16,,-1.7,,-27.8,,-14.8,,32.8,,0,,0,,1.3,,1.3,,,,,,,
-71.9,45.4,SHERBROOKE,7028120,1970-01-17,1970,1,17,,-6.1,,-11.1,,-8.6,,26.6,,0,,0,,0,T,0,T,,,,,,
-71.9,45.4,SHERBROOKE,7028120,1970-01-18,1970,1,18,,-13.9,,-16.7,,-15.3,,33.3,,0,,0,,0,,0,,,,,,,
-71.9,45.4,SHERBROOKE,7028120,1970-01-19,1970,1,19,,-18.3,,-30,,-24.2,,42.2,,0,,0,,0,,0,,,,,,,
-71.9,45.4,SHERBROOKE,7028120,1970-01-20,1970,1,20,,-15.6,,-30.6,,-23.1,,41.1,,0,,0,,0,,0,,,,,,,
-71.9,45.4,SHERBROOKE,7028120,1970-01-21,1970,1,21,,-15,,-25.6,,-20.3,,38.3,,0,,0,,1,,1,,,,,,,
-71.9,45.4,SHERBROOKE,7028120,1970-01-22,1970,1,22,,-17.8,,-23.9,,-20.9,,38.9,,0,,0,,0,,0,,,,,,,
-71.9,45.4,SHERBROOKE,7028120,1970-01-23,1970,1,23,,-9.4,,-27.2,,-18.3,,36.3,,0,,0,,2,,2,,,,,,,
-71.9,45.4,SHERBROOKE,7028120,1970-01-24,1970,1,24,,-13.9,,-23.3,,-18.6,,36.6,,0,,0,,0,,0,,,,,,,
-71.9,45.4,SHERBROOKE,7028120,1970-01-25,1970,1,25,,-6.1,,-20,,-13.1,,31.1,,0,,0,,4.6,,4.6,,,,,,,
-71.9,45.4,SHERBROOKE,7028120,1970-01-26,1970,1,26,,-3.9,,-12.8,,-8.4,,26.4,,0,,0,,0,,0,,,,,,,
-71.9,45.4,SHERBROOKE,7028120,1970-01-27,1970,1,27,,-6.7,,-13.9,,-10.3,,28.3,,0,,0,,0,T,0,T,,,,,,
-71.9,45.4,SHERBROOKE,7028120,1970-01-28,1970,1,28,,4.4,,-14.4,,-5,,23,,0,,0,,7.6,,7.6,,,,,,,
-71.9,45.4,SHERBROOKE,7028120,1970-01-29,1970,1,29,,5.6,,-2.2,,1.7,,16.3,,0,,0,,3.8,,3.8,,,,,,,
-71.9,45.4,SHERBROOKE,7028120,1970-01-30,1970,1,30,,-8.9,,-13.9,,-11.4,,29.4,,0,,0,,0,,0,,,,,,,
-71.9,45.4,SHERBROOKE,7028120,1970-01-31,1970,1,31,,-3.9,,-16.7,,-10.3,,28.3,,0,,0,,0,,0,,,,,,,
-71.9,45.4,SHERBROOKE,7028120,1970-02-01,1970,2,1,,3.9,,-5.6,,-0.9,,18.9,,0,,0,,0,,0,,,,,,,
-71.9,45.4,SHERBROOKE,7028120,1970-02-02,1970,2,2,,8.9,,-0.6,,4.2,,13.8,,0,,4.3,,0,,4.3,,,,,,,
-71.9,45.4,SHERBROOKE,7028120,1970-02-03,1970,2,3,,3.3,,-7.2,,-2,,20,,0,,8.4,,7.1,,15.5,,,,,,,
-71.9,45.4,SHERBROOKE,7028120,1970-02-04,1970,2,4,,-19.4,,-23.3,,-21.4,,39.4,,0,,0,,0,,0,,,,,,,
-71.9,45.4,SHERBROOKE,7028120,1970-02-05,1970,2,5,,-7.2,,-26.7,,-17,,35,,0,,0,,0,,0,,,,,,,
-71.9,45.4,SHERBROOKE,7028120,1970-02-06,1970,2,6,,-1.1,,-11.7,,-6.4,,24.4,,0,,0,,0,,0,,,,,,,
-71.9,45.4,SHERBROOKE,7028120,1970-02-07,1970,2,7,,3.3,,-15,,-5.9,,23.9,,0,,0,,0,,0,,,,,,,
-71.9,45.4,SHERBROOKE,7028120,1970-02-08,1970,2,8,,6.1,,-10.6,,-2.3,,20.3,,0,,0,,0,,0,,,,,,,
-71.9,45.4,SHERBROOKE,7028120,1970-02-09,1970,2,9,,2.8,,-13.3,,-5.3,,23.3,,0,,0,,0,,0,,,,,,,
-71.9,45.4,SHERBROOKE,7028120,1970-02-10,1970,2,10,,6.7,,0,,3.4,,14.6,,0,,0,,0,,0,,,,,,,
-71.9,45.4,SHERBROOKE,7028120,1970-02-11,1970,2,11,,8.9,,1.7,,5.3,,12.7,,0,,8.9,,10.2,,19.1,,,,,,,
-71.9,45.4,SHERBROOKE,7028120,1970-02-12,1970,2,12,,-12.2,,-13.9,,-13.1,,31.1,,0,,0,,0,,0,,,,,,,
-71.9,45.4,SHERBROOKE,7028120,1970-02-13,1970,2,13,,-15,,-19.4,,-17.2,,35.2,,0,,0,,0.5,,0.5,,,,,,,
-71.9,45.4,SHERBROOKE,7028120,1970-02-14,1970,2,14,,-12.2,,-23.3,,-17.8,,35.8,,0,,0,,0,,0,,,,,,,
-71.9,45.4,SHERBROOKE,7028120,1970-02-15,1970,2,15,,-4.4,,-22.8,,-13.6,,31.6,,0,,0,,10.9,,10.9,,,,,,,
-71.9,45.4,SHERBROOKE,7028120,1970-02-16,1970,2,16,,-6.1,,-11.7,,-8.9,,26.9,,0,,0,,0,,0,,,,,,,
-71.9,45.4,SHERBROOKE,7028120,1970-02-17,1970,2,17,,-1.1,,-15.6,,-8.4,,26.4,,0,,0,,0,,0,,,,,,,
-71.9,45.4,SHERBROOKE,7028120,1970-02-18,1970,2,18,,5,,-12.8,,-3.9,,21.9,,0,,0,,0,T,0,T,,,,,,
-71.9,45.4,SHERBROOKE,7028120,1970-02-19,1970,2,19,,-7.2,,-10.6,,-8.9,,26.9,,0,,0,,0,,0,,,,,,,
-71.9,45.4,SHERBROOKE,7028120,1970-02-20,1970,2,20,,-8.3,,-19.4,,-13.9,,31.9,,0,,0,,0,,0,,,,,,,
-71.9,45.4,SHERBROOKE,7028120,1970-02-21,1970,2,21,,-5,,-11.1,,-8.1,,26.1,,0,,0,,1.3,,1.3,,,,,,,
-71.9,45.4,SHERBROOKE,7028120,1970-02-22,1970,2,22,,1.1,,-8.9,,-3.9,,21.9,,0,,0,,1.3,,1.3,,,,,,,
-71.9,45.4,SHERBROOKE,7028120,1970-02-23,1970,2,23,,-14.4,,-15.6,,-15,,33,,0,,0,,0,,0,,,,,,,
-71.9,45.4,SHERBROOKE,7028120,1970-02-24,1970,2,24,,-5,,-18.3,,-11.7,,29.7,,0,,0,,6.4,,6.4,,,,,,,
-71.9,45.4,SHERBROOKE,7028120,1970-02-25,1970,2,25,,-7.2,,-11.7,,-9.5,,27.5,,0,,0,,0,T,0,T,,,,,,
-71.9,45.4,SHERBROOKE,7028120,1970-02-26,1970,2,26,,-15,,-23.3,,-19.2,,37.2,,0,,0,,0,,0,,,,,,,
-71.9,45.4,SHERBROOKE,7028120,1970-02-27,1970,2,27,,-3.3,,-23.3,,-13.3,,31.3,,0,,0,,0,T,0,T,,,,,,
-71.9,45.4,SHERBROOKE,7028120,1970-02-28,1970,2,28,,-4.4,,-12.2,,-8.3,,26.3,,0,,0,,0,,0,,,,,,,
-71.9,45.4,SHERBROOKE,7028120,1970-03-01,1970,3,1,,-2.2,,-11.7,,-7,,25,,0,,0,,0,,0,,,,,,,
-71.9,45.4,SHERBROOKE,7028120,1970-03-02,1970,3,2,,0,,-10,,-5,,23,,0,,0,,0,,0,,,,,,,
-71.9,45.4,SHERBROOKE,7028120,1970-03-03,1970,3,3,,-1.1,,-17.8,,-9.5,,27.5,,0,,0,,0,,0,,,,,,,
-71.9,45.4,SHERBROOKE,7028120,1970-03-04,1970,3,4,,2.8,,-18.3,,-7.8,,25.8,,0,,0,,6.4,,6.4,,,,,,,
-71.9,45.4,SHERBROOKE,7028120,1970-03-05,1970,3,5,,1.1,,-1.7,,-0.3,,18.3,,0,,0,,0,,0,,,,,,,
-71.9,45.4,SHERBROOKE,7028120,1970-03-06,1970,3,6,,-1.7,,-5,,-3.4,,21.4,,0,,0,,0,,0,,,,,,,
-71.9,45.4,SHERBROOKE,7028120,1970-03-07,1970,3,7,,1.7,,-5.6,,-2,,20,,0,,0,,4.3,,4.3,,,,,,,
-71.9,45.4,SHERBROOKE,7028120,1970-03-08,1970,3,8,,-7.2,,-10,,-8.6,,26.6,,0,,0,,0,,0,,,,,,,
-71.9,45.4,SHERBROOKE,7028120,1970-03-09,1970,3,9,,-6.7,,-13.9,,-10.3,,28.3,,0,,0,,0.5,,0.5,,,,,,,
-71.9,45.4,SHERBROOKE,7028120,1970-03-10,1970,3,10,,-5.6,,-10.6,,-8.1,,26.1,,0,,0,,4.3,,4.3,,,,,,,
-71.9,45.4,SHERBROOKE,7028120,1970-03-11,1970,3,11,,-3.9,,-7.2,,-5.6,,23.6,,0,,0,,0,,0,,,,,,,
-71.9,45.4,SHERBROOKE,7028120,1970-03-12,1970,3,12,,-1.1,,-7.8,,-4.5,,22.5,,0,,0,,0,,0,,,,,,,
-71.9,45.4,SHERBROOKE,7028120,1970-03-13,1970,3,13,,1.7,,-9.4,,-3.9,,21.9,,0,,0,,0,,0,,,,,,,
-71.9,45.4,SHERBROOKE,7028120,1970-03-14,1970,3,14,,-0.6,,-5,,-2.8,,20.8,,0,,0,,4.1,,4.1,,,,,,,
-71.9,45.4,SHERBROOKE,7028120,1970-03-15,1970,3,15,,0,,-3.9,,-2,,20,,0,,0,,0,,0,,,,,,,
-71.9,45.4,SHERBROOKE,7028120,1970-03-16,1970,3,16,,-2.2,,-13.9,,-8.1,,26.1,,0,,0,,0,T,0,T,,,,,,
-71.9,45.4,SHERBROOKE,7028120,1970-03-17,1970,3,17,,1.1,,-6.1,,-2.5,,20.5,,0,,0,,0,,0,,,,,,,
-71.9,45.4,SHERBROOKE,7028120,1970-03-18,1970,3,18,,3.9,,-5.6,,-0.9,,18.9,,0,,0,,0,,0,,,,,,,
-71.9,45.4,SHERBROOKE,7028120,1970-03-19,1970,3,19,,7.8,,-10,,-1.1,,19.1,,0,,0,,0,,0,,,,,,,
-71.9,45.4,SHERBROOKE,7028120,1970-03-20,1970,3,20,,11.1,,-7.2,,2,,16,,0,,18.3,,0,,18.3,,,,,,,
-71.9,45.4,SHERBROOKE,7028120,1970-03-21,1970,3,21,,2.8,,0,,1.4,,16.6,,0,,8.1,,0,,8.1,,,,,,,
-71.9,45.4,SHERBROOKE,7028120,1970-03-22,1970,3,22,,7.2,,0.6,,3.9,,14.1,,0,,6.1,,0,,6.1,,,,,,,
-71.9,45.4,SHERBROOKE,7028120,1970-03-23,1970,3,23,,4.4,,0,,2.2,,15.8,,0,,0,,0,,0,,,,,,,
-71.9,45.4,SHERBROOKE,7028120,1970-03-24,1970,3,24,,3.3,,-1.7,,0.8,,17.2,,0,,0,,1.8,,1.8,,,,,,,
-71.9,45.4,SHERBROOKE,7028120,1970-03-25,1970,3,25,,1.1,,-1.7,,-0.3,,18.3,,0,,0,,0.5,,0.5,,,,,,,
-71.9,45.4,SHERBROOKE,7028120,1970-03-26,1970,3,26,,5,,-7.2,,-1.1,,19.1,,0,,7.4,,0,,7.4,,,,,,,
-71.9,45.4,SHERBROOKE,7028120,1970-03-27,1970,3,27,,1.7,,-0.6,,0.6,,17.4,,0,,0,,0,,0,,,,,,,
-71.9,45.4,SHERBROOKE,7028120,1970-03-28,1970,3,28,,6.1,,-4.4,,0.9,,17.1,,0,,3.3,,0,,3.3,,,,,,,
-71.9,45.4,SHERBROOKE,7028120,1970-03-29,1970,3,29,,-5.6,,-8.9,,-7.3,,25.3,,0,,0,,0,,0,,,,,,,
-71.9,45.4,SHERBROOKE,7028120,1970-03-30,1970,3,30,,-2.2,,-13.3,,-7.8,,25.8,,0,,0,,0,,0,,,,,,,
-71.9,45.4,SHERBROOKE,7028120,1970-03-31,1970,3,31,,4.4,,-10.6,,-3.1,,21.1,,0,,0,,0,,0,,,,,,,
-71.9,45.4,SHERBROOKE,7028120,1970-04-01,1970,4,1,,6.1,,-5.6,,0.3,,17.7,,0,,0,,2,,2,,,,,,,
-71.9,45.4,SHERBROOKE,7028120,1970-04-02,1970,4,2,,2.2,,-2.8,,-0.3,,18.3,,0,,15.2,,11.4,,26.7,,,,,,,
-71.9,45.4,SHERBROOKE,7028120,1970-04-03,1970,4,3,,1.1,,-1.7,,-0.3,,18.3,,0,,0,,0,T,0,T,,,,,,
-71.9,45.4,SHERBROOKE,7028120,1970-04-04,1970,4,4,,2.2,,-5,,-1.4,,19.4,,0,,0,,0,,0,,,,,,,
-71.9,45.4,SHERBROOKE,7028120,1970-04-05,1970,4,5,,2.2,,-5,,-1.4,,19.4,,0,,0,,0,,0,,,,,,,
-71.9,45.4,SHERBROOKE,7028120,1970-04-06,1970,4,6,,7.8,,-10.6,,-1.4,,19.4,,0,,0,,0,,0,,,,,,,
-71.9,45.4,SHERBROOKE,7028120,1970-04-07,1970,4,7,,6.1,,0,,3.1,,14.9,,0,,0,,2,,2,,,,,,,
-71.9,45.4,SHERBROOKE,7028120,1970-04-08,1970,4,8,,10.6,,-1.7,,4.5,,13.5,,0,,0,,3.3,,3.3,,,,,,,
-71.9,45.4,SHERBROOKE,7028120,1970-04-09,1970,4,9,,16.7,,1.1,,8.9,,9.1,,0,,0,,0,,0,,,,,,,
-71.9,45.4,SHERBROOKE,7028120,1970-04-10,1970,4,10,,5,,0,,2.5,,15.5,,0,,0,,0,,0,,,,,,,
-71.9,45.4,SHERBROOKE,7028120,1970-04-11,1970,4,11,,2.2,,-3.9,,-0.9,,18.9,,0,,0,,0,,0,,,,,,,
-71.9,45.4,SHERBROOKE,7028120,1970-04-12,1970,4,12,,7.2,,0,,3.6,,14.4,,0,,0,,0,,0,,,,,,,
-71.9,45.4,SHERBROOKE,7028120,1970-04-13,1970,4,13,,12.2,,1.1,,6.7,,11.3,,0,,0,,0,,0,,,,,,,
-71.9,45.4,SHERBROOKE,7028120,1970-04-14,1970,4,14,,14.4,,-2.2,,6.1,,11.9,,0,,0,,0,,0,,,,,,,
-71.9,45.4,SHERBROOKE,7028120,1970-04-15,1970,4,15,,12.2,,-2.8,,4.7,,13.3,,0,,0,,0,,0,,,,,,,
-71.9,45.4,SHERBROOKE,7028120,1970-04-16,1970,4,16,,13.3,,-2.2,,5.6,,12.4,,0,,0,,0,,0,,,,,,,
-71.9,45.4,SHERBROOKE,7028120,1970-04-17,1970,4,17,,17.2,,2.8,,10,,8,,0,,12.2,,0,,12.2,,,,,,,
-71.9,45.4,SHERBROOKE,7028120,1970-04-18,1970,4,18,,7.2,,5,,6.1,,11.9,,0,,0.3,,0,,0.3,,,,,,,
-71.9,45.4,SHERBROOKE,7028120,1970-04-19,1970,4,19,,6.7,,-1.1,,2.8,,15.2,,0,,0,,0,,0,,,,,,,
-71.9,45.4,SHERBROOKE,7028120,1970-04-20,1970,4,20,,9.4,,-2.8,,3.3,,14.7,,0,,4.1,,0,,4.1,,,,,,,
-71.9,45.4,SHERBROOKE,7028120,1970-04-21,1970,4,21,,11.1,,2.2,,6.7,,11.3,,0,,4.8,,0,,4.8,,,,,,,
-71.9,45.4,SHERBROOKE,7028120,1970-04-22,1970,4,22,,10.6,,4.4,,7.5,,10.5,,0,,0,,0,,0,,,,,,,
-71.9,45.4,SHERBROOKE,7028120,1970-04-23,1970,4,23,,14.4,,1.1,,7.8,,10.2,,0,,0,,0,,0,,,,,,,
-71.9,45.4,SHERBROOKE,7028120,1970-04-24,1970,4,24,,10.6,,6.1,,8.4,,9.6,,0,,21.8,,0,,21.8,,,,,,,
-71.9,45.4,SHERBROOKE,7028120,1970-04-25,1970,4,25,,11.1,,3.9,,7.5,,10.5,,0,,0,,0,,0,,,,,,,
-71.9,45.4,SHERBROOKE,7028120,1970-04-26,1970,4,26,,19.4,,0.6,,10,,8,,0,,0,,0,,0,,,,,,,
-71.9,45.4,SHERBROOKE,7028120,1970-04-27,1970,4,27,,23.9,,7.8,,15.9,,2.1,,0,,0,,0,,0,,,,,,,
-71.9,45.4,SHERBROOKE,7028120,1970-04-28,1970,4,28,,17.8,,6.7,,12.3,,5.7,,0,,0,,0,,0,,,,,,,
-71.9,45.4,SHERBROOKE,7028120,1970-04-29,1970,4,29,,18.9,,7.2,,13.1,,4.9,,0,,0,,0,,0,,,,,,,
-71.9,45.4,SHERBROOKE,7028120,1970-04-30,1970,4,30,,25.6,,4.4,,15,,3,,0,,0,,0,,0,,,,,,,
-71.9,45.4,SHERBROOKE,7028120,1970-05-01,1970,5,1,,29.4,,16.7,,23.1,,0,,5.1,,0.8,,0,,0.8,,,,,,,
-71.9,45.4,SHERBROOKE,7028120,1970-05-02,1970,5,2,,23.9,,12.2,,18.1,,0,,0.1,,10.7,,0,,10.7,,,,,,,
-71.9,45.4,SHERBROOKE,7028120,1970-05-03,1970,5,3,,11.7,,7.8,,9.8,,8.2,,0,,0,,0,,0,,,,,,,
-71.9,45.4,SHERBROOKE,7028120,1970-05-04,1970,5,4,,19.4,,1.7,,10.6,,7.4,,0,,2,,0,,2,,,,,,,
-71.9,45.4,SHERBROOKE,7028120,1970-05-05,1970,5,5,,17.8,,8.9,,13.4,,4.6,,0,,6.1,,0,,6.1,,,,,,,
-71.9,45.4,SHERBROOKE,7028120,1970-05-06,1970,5,6,,2.2,,0,,1.1,,16.9,,0,,1.3,,0.8,,2,,,,,,,
-71.9,45.4,SHERBROOKE,7028120,1970-05-07,1970,5,7,,8.3,,0.6,,4.5,,13.5,,0,,2.5,,0,,2.5,,,,,,,
-71.9,45.4,SHERBROOKE,7028120,1970-05-08,1970,5,8,,15.6,,2.8,,9.2,,8.8,,0,,0,,0,,0,,,,,,,
-71.9,45.4,SHERBROOKE,7028120,1970-05-09,1970,5,9,,16.7,,6.1,,11.4,,6.6,,0,,3.3,,0,,3.3,,,,,,,
-71.9,45.4,SHERBROOKE,7028120,1970-05-10,1970,5,10,,22.8,,9.4,,16.1,,1.9,,0,,12.7,,0,,12.7,,,,,,,
-71.9,45.4,SHERBROOKE,7028120,1970-05-11,1970,5,11,,15,,10.6,,12.8,,5.2,,0,,0,,0,,0,,,,,,,
-71.9,45.4,SHERBROOKE,7028120,1970-05-12,1970,5,12,,15.6,,6.7,,11.2,,6.8,,0,,1,,0,,1,,,,,,,
-71.9,45.4,SHERBROOKE,7028120,1970-05-13,1970,5,13,,12.2,,8.3,,10.3,,7.7,,0,,4.8,,0,,4.8,,,,,,,
-71.9,45.4,SHERBROOKE,7028120,1970-05-14,1970,5,14,,17.2,,4.4,,10.8,,7.2,,0,,0,,0,,0,,,,,,,
-71.9,45.4,SHERBROOKE,7028120,1970-05-15,1970,5,15,,20,,3.3,,11.7,,6.3,,0,,0,,0,,0,,,,,,,
-71.9,45.4,SHERBROOKE,7028120,1970-05-16,1970,5,16,,18.9,,12.2,,15.6,,2.4,,0,,18,,0,,18,,,,,,,
-71.9,45.4,SHERBROOKE,7028120,1970-05-17,1970,5,17,,12.8,,11.7,,12.3,,5.7,,0,,7.9,,0,,7.9,,,,,,,
-71.9,45.4,SHERBROOKE,7028120,1970-05-18,1970,5,18,,17.2,,8.9,,13.1,,4.9,,0,,0,,0,,0,,,,,,,
-71.9,45.4,SHERBROOKE,7028120,1970-05-19,1970,5,19,,23.9,,5.6,,14.8,,3.2,,0,,0,,0,,0,,,,,,,
-71.9,45.4,SHERBROOKE,7028120,1970-05-20,1970,5,20,,18.9,,11.7,,15.3,,2.7,,0,,0,,0,,0,,,,,,,
-71.9,45.4,SHERBROOKE,7028120,1970-05-21,1970,5,21,,23.3,,6.7,,15,,3,,0,,0,T,0,,0,T,,,,,,
-71.9,45.4,SHERBROOKE,7028120,1970-05-22,1970,5,22,,22.2,,11.1,,16.7,,1.3,,0,,4.6,,0,,4.6,,,,,,,
-71.9,45.4,SHERBROOKE,7028120,1970-05-23,1970,5,23,,18.3,,7.2,,12.8,,5.2,,0,,0,,0,,0,,,,,,,
-71.9,45.4,SHERBROOKE,7028120,1970-05-24,1970,5,24,,13.9,,6.1,,10,,8,,0,,0,,0,,0,,,,,,,
-71.9,45.4,SHERBROOKE,7028120,1970-05-25,1970,5,25,,13.9,,6.1,,10,,8,,0,,4.8,,0,,4.8,,,,,,,
-71.9,45.4,SHERBROOKE,7028120,1970-05-26,1970,5,26,,18.9,,8.3,,13.6,,4.4,,0,,7.1,,0,,7.1,,,,,,,
-71.9,45.4,SHERBROOKE,7028120,1970-05-27,1970,5,27,,15.6,,8.9,,12.3,,5.7,,0,,0,,0,,0,,,,,,,
-71.9,45.4,SHERBROOKE,7028120,1970-05-28,1970,5,28,,15,,5.6,,10.3,,7.7,,0,,0,,0,,0,,,,,,,
-71.9,45.4,SHERBROOKE,7028120,1970-05-29,1970,5,29,,19.4,,1.1,,10.3,,7.7,,0,,0,,0,,0,,,,,,,
-71.9,45.4,SHERBROOKE,7028120,1970-05-30,1970,5,30,,24.4,,5.6,,15,,3,,0,,0,,0,,0,,,,,,,
-71.9,45.4,SHERBROOKE,7028120,1970-05-31,1970,5,31,,26.1,,12.8,,19.5,,0,,1.5,,17.8,,0,,17.8,,,,,,,
-71.9,45.4,SHERBROOKE,7028120,1970-06-01,1970,6,1,,26.1,,18.3,,22.2,,0,,4.2,,1,,0,,1,,,,,,,
-71.9,45.4,SHERBROOKE,7028120,1970-06-02,1970,6,2,,30.6,,19.4,,25,,0,,7,,7.4,,0,,7.4,,,,,,,
-71.9,45.4,SHERBROOKE,7028120,1970-06-03,1970,6,3,,17.8,,15.6,,16.7,,1.3,,0,,0.3,,0,,0.3,,,,,,,
-71.9,45.4,SHERBROOKE,7028120,1970-06-04,1970,6,4,,20,,10,,15,,3,,0,,0,,0,,0,,,,,,,
-71.9,45.4,SHERBROOKE,7028120,1970-06-05,1970,6,5,,22.8,,7.2,,15,,3,,0,,1,,0,,1,,,,,,,
-71.9,45.4,SHERBROOKE,7028120,1970-06-06,1970,6,6,,18.9,,11.7,,15.3,,2.7,,0,,0,,0,,0,,,,,,,
-71.9,45.4,SHERBROOKE,7028120,1970-06-07,1970,6,7,,18.3,,10.6,,14.5,,3.5,,0,,0.3,,0,,0.3,,,,,,,
-71.9,45.4,SHERBROOKE,7028120,1970-06-08,1970,6,8,,26.7,,10.6,,18.7,,0,,0.7,,0,,0,,0,,,,,,,
-71.9,45.4,SHERBROOKE,7028120,1970-06-09,1970,6,9,,28.9,,13.9,,21.4,,0,,3.4,,0,,0,,0,,,,,,,
-71.9,45.4,SHERBROOKE,7028120,1970-06-10,1970,6,10,,29.4,,15,,22.2,,0,,4.2,,0,,0,,0,,,,,,,
-71.9,45.4,SHERBROOKE,7028120,1970-06-11,1970,6,11,,25.6,,20.6,,23.1,,0,,5.1,,3.6,,0,,3.6,,,,,,,
-71.9,45.4,SHERBROOKE,7028120,1970-06-12,1970,6,12,,23.3,,9.4,,16.4,,1.6,,0,,0,,0,,0,,,,,,,
-71.9,45.4,SHERBROOKE,7028120,1970-06-13,1970,6,13,,17.2,,6.7,,12,,6,,0,,0,,0,,0,,,,,,,
-71.9,45.4,SHERBROOKE,7028120,1970-06-14,1970,6,14,,23.3,,4.4,,13.9,,4.1,,0,,0,,0,,0,,,,,,,
-71.9,45.4,SHERBROOKE,7028120,1970-06-15,1970,6,15,,26.7,,7.8,,17.3,,0.7,,0,,0,,0,,0,,,,,,,
-71.9,45.4,SHERBROOKE,7028120,1970-06-16,1970,6,16,,26.1,,15,,20.6,,0,,2.6,,0,,0,,0,,,,,,,
-71.9,45.4,SHERBROOKE,7028120,1970-06-17,1970,6,17,,26.7,,13.9,,20.3,,0,,2.3,,6.9,,0,,6.9,,,,,,,
-71.9,45.4,SHERBROOKE,7028120,1970-06-18,1970,6,18,,26.7,,19.4,,23.1,,0,,5.1,,0,T,0,,0,T,,,,,,
-71.9,45.4,SHERBROOKE,7028120,1970-06-19,1970,6,19,,26.7,,19.4,,23.1,,0,,5.1,,0,T,0,,0,T,,,,,,
-71.9,45.4,SHERBROOKE,7028120,1970-06-20,1970,6,20,,17.8,,10,,13.9,,4.1,,0,,0,,0,,0,,,,,,,
-71.9,45.4,SHERBROOKE,7028120,1970-06-21,1970,6,21,,21.1,,11.1,,16.1,,1.9,,0,,0,,0,,0,,,,,,,
-71.9,45.4,SHERBROOKE,7028120,1970-06-22,1970,6,22,,25.6,,10.6,,18.1,,0,,0.1,,0,,0,,0,,,,,,,
-71.9,45.4,SHERBROOKE,7028120,1970-06-23,1970,6,23,,25.6,,14.4,,20,,0,,2,,0,,0,,0,,,,,,,
-71.9,45.4,SHERBROOKE,7028120,1970-06-24,1970,6,24,,28.3,,11.1,,19.7,,0,,1.7,,7.1,,0,,7.1,,,,,,,
-71.9,45.4,SHERBROOKE,7028120,1970-06-25,1970,6,25,,17.2,,12.2,,14.7,,3.3,,0,,0,,0,,0,,,,,,,
-71.9,45.4,SHERBROOKE,7028120,1970-06-26,1970,6,26,,22.8,,5.6,,14.2,,3.8,,0,,23.6,,0,,23.6,,,,,,,
-71.9,45.4,SHERBROOKE,7028120,1970-06-27,1970,6,27,,14.4,,11.1,,12.8,,5.2,,0,,6.1,,0,,6.1,,,,,,,
-71.9,45.4,SHERBROOKE,7028120,1970-06-28,1970,6,28,,20.6,,9.4,,15,,3,,0,,0,,0,,0,,,,,,,
-71.9,45.4,SHERBROOKE,7028120,1970-06-29,1970,6,29,,23.9,,9.4,,16.7,,1.3,,0,,1,,0,,1,,,,,,,
-71.9,45.4,SHERBROOKE,7028120,1970-06-30,1970,6,30,,18.3,,16.1,,17.2,,0.8,,0,,30,,0,,30,,,,,,,
-71.9,45.4,SHERBROOKE,7028120,1970-07-01,1970,7,1,,21.1,,12.8,,17,,1,,0,,0,,0,,0,,0,,,,,
-71.9,45.4,SHERBROOKE,7028120,1970-07-02,1970,7,2,,23.9,,13.9,,18.9,,0,,0.9,,0.3,,0,,0.3,,0,,,,,
-71.9,45.4,SHERBROOKE,7028120,1970-07-03,1970,7,3,,26.7,,17.2,,22,,0,,4,,0.5,,0,,0.5,,0,,,,,
-71.9,45.4,SHERBROOKE,7028120,1970-07-04,1970,7,4,,27.2,,19.4,,23.3,,0,,5.3,,0,,0,,0,,0,,,,,
-71.9,45.4,SHERBROOKE,7028120,1970-07-05,1970,7,5,,22.2,,12.2,,17.2,,0.8,,0,,0.8,,0,,0.8,,0,,,,,
-71.9,45.4,SHERBROOKE,7028120,1970-07-06,1970,7,6,,26.1,,15.6,,20.9,,0,,2.9,,0.5,,0,,0.5,,0,,,,,
-71.9,45.4,SHERBROOKE,7028120,1970-07-07,1970,7,7,,27.2,,12.2,,19.7,,0,,1.7,,0,,0,,0,,0,,,,,
-71.9,45.4,SHERBROOKE,7028120,1970-07-08,1970,7,8,,29.4,,16.7,,23.1,,0,,5.1,,0,,0,,0,,0,,,,,
-71.9,45.4,SHERBROOKE,7028120,1970-07-09,1970,7,9,,30.6,,17.8,,24.2,,0,,6.2,,0,,0,,0,,0,,,,,
-71.9,45.4,SHERBROOKE,7028120,1970-07-10,1970,7,10,,30.6,,19.4,,25,,0,,7,,1,,0,,1,,0,,,,,
-71.9,45.4,SHERBROOKE,7028120,1970-07-11,1970,7,11,,22.2,,17.2,,19.7,,0,,1.7,,22.9,,0,,22.9,,0,,,,,
-71.9,45.4,SHERBROOKE,7028120,1970-07-12,1970,7,12,,24.4,,10,,17.2,,0.8,,0,,0,,0,,0,,0,,,,,
-71.9,45.4,SHERBROOKE,7028120,1970-07-13,1970,7,13,,23.3,,11.7,,17.5,,0.5,,0,,0,,0,,0,,0,,,,,
-71.9,45.4,SHERBROOKE,7028120,1970-07-14,1970,7,14,,26.7,,9.4,,18.1,,0,,0.1,,0.5,,0,,0.5,,0,,,,,
-71.9,45.4,SHERBROOKE,7028120,1970-07-15,1970,7,15,,24.4,,17.2,,20.8,,0,,2.8,,0,,0,,0,,0,,,,,
-71.9,45.4,SHERBROOKE,7028120,1970-07-16,1970,7,16,,26.1,,18.9,,22.5,,0,,4.5,,24.1,,0,,24.1,,0,,,,,
-71.9,45.4,SHERBROOKE,7028120,1970-07-17,1970,7,17,,26.7,,14.4,,20.6,,0,,2.6,,0,,0,,0,,0,,,,,
-71.9,45.4,SHERBROOKE,7028120,1970-07-18,1970,7,18,,22.8,,17.8,,20.3,,0,,2.3,,2.5,,0,,2.5,,0,,,,,
-71.9,45.4,SHERBROOKE,7028120,1970-07-19,1970,7,19,,20.6,,8.3,,14.5,,3.5,,0,,0.5,,0,,0.5,,0,,,,,
-71.9,45.4,SHERBROOKE,7028120,1970-07-20,1970,7,20,,27.8,,15,,21.4,,0,,3.4,,1.3,,0,,1.3,,,M,,,,
-71.9,45.4,SHERBROOKE,7028120,1970-07-21,1970,7,21,,22.8,,16.1,,19.5,,0,,1.5,,0,,0,,0,,0,,,,,
-71.9,45.4,SHERBROOKE,7028120,1970-07-22,1970,7,22,,24.4,,14.4,,19.4,,0,,1.4,,0,,0,,0,,0,,,,,
-71.9,45.4,SHERBROOKE,7028120,1970-07-23,1970,7,23,,29.4,,12.8,,21.1,,0,,3.1,,0,,0,,0,,0,,,,,
-71.9,45.4,SHERBROOKE,7028120,1970-07-24,1970,7,24,,31.1,,15,,23.1,,0,,5.1,,0,,0,,0,,0,,,,,
-71.9,45.4,SHERBROOKE,7028120,1970-07-25,1970,7,25,,31.1,,16.1,,23.6,,0,,5.6,,0,,0,,0,,0,,,,,
-71.9,45.4,SHERBROOKE,7028120,1970-07-26,1970,7,26,,29.4,,20,,24.7,,0,,6.7,,0,,0,,0,,0,,,,,
-71.9,45.4,SHERBROOKE,7028120,1970-07-27,1970,7,27,,31.7,,19.4,,25.6,,0,,7.6,,0,,0,,0,,0,,,,,
-71.9,45.4,SHERBROOKE,7028120,1970-07-28,1970,7,28,,31.1,,19.4,,25.3,,0,,7.3,,0,,0,,0,,0,,,,,
-71.9,45.4,SHERBROOKE,7028120,1970-07-29,1970,7,29,,30.6,,21.1,,25.9,,0,,7.9,,0,,0,,0,,0,,,,,
-71.9,45.4,SHERBROOKE,7028120,1970-07-30,1970,7,30,,32.2,,18.9,,25.6,,0,,7.6,,0,,0,,0,,0,,,,,
-71.9,45.4,SHERBROOKE,7028120,1970-07-31,1970,7,31,,29.4,,22.2,,25.8,,0,,7.8,,2,,0,,2,,0,,,,,
-71.9,45.4,SHERBROOKE,7028120,1970-08-01,1970,8,1,,27.2,,21.7,,24.5,,0,,6.5,,12.2,,0,,12.2,,0,,,,,
-71.9,45.4,SHERBROOKE,7028120,1970-08-02,1970,8,2,,26.1,,18.3,,22.2,,0,,4.2,,12.4,,0,,12.4,,0,,,,,
-71.9,45.4,SHERBROOKE,7028120,1970-08-03,1970,8,3,,25.6,,17.2,,21.4,,0,,3.4,,1.5,,0,,1.5,,0,,,,,
-71.9,45.4,SHERBROOKE,7028120,1970-08-04,1970,8,4,,21.1,,12.8,,17,,1,,0,,0,,0,,0,,0,,,,,
-71.9,45.4,SHERBROOKE,7028120,1970-08-05,1970,8,5,,23.9,,7.8,,15.9,,2.1,,0,,0,,0,,0,,0,,,,,
-71.9,45.4,SHERBROOKE,7028120,1970-08-06,1970,8,6,,26.1,,12.2,,19.2,,0,,1.2,,0,,0,,0,,0,,,,,
-71.9,45.4,SHERBROOKE,7028120,1970-08-07,1970,8,7,,27.2,,11.7,,19.5,,0,,1.5,,0,,0,,0,,0,,,,,
-71.9,45.4,SHERBROOKE,7028120,1970-08-08,1970,8,8,,27.8,,13.9,,20.9,,0,,2.9,,0,,0,,0,,0,,,,,
-71.9,45.4,SHERBROOKE,7028120,1970-08-09,1970,8,9,,29.4,,13.9,,21.7,,0,,3.7,,0,,0,,0,,0,,,,,
-71.9,45.4,SHERBROOKE,7028120,1970-08-10,1970,8,10,,30.6,,15,,22.8,,0,,4.8,,0,,0,,0,,0,,,,,
-71.9,45.4,SHERBROOKE,7028120,1970-08-11,1970,8,11,,30,,16.7,,23.4,,0,,5.4,,0,T,0,,0,T,0,,,,,
-71.9,45.4,SHERBROOKE,7028120,1970-08-12,1970,8,12,,25.6,,17.8,,21.7,,0,,3.7,,0,,0,,0,,0,,,,,
-71.9,45.4,SHERBROOKE,7028120,1970-08-13,1970,8,13,,31.7,,16.7,,24.2,,0,,6.2,,0,,0,,0,,0,,,,,
-71.9,45.4,SHERBROOKE,7028120,1970-08-14,1970,8,14,,30.6,,17.2,,23.9,,0,,5.9,,0,T,0,,0,T,0,,,,,
-71.9,45.4,SHERBROOKE,7028120,1970-08-15,1970,8,15,,31.7,,17.2,,24.5,,0,,6.5,,0,,0,,0,,0,,,,,
-71.9,45.4,SHERBROOKE,7028120,1970-08-16,1970,8,16,,31.7,,18.9,,25.3,,0,,7.3,,13.2,,0,,13.2,,0,,,,,
-71.9,45.4,SHERBROOKE,7028120,1970-08-17,1970,8,17,,26.1,,17.8,,22,,0,,4,,1.3,,0,,1.3,,0,,,,,
-71.9,45.4,SHERBROOKE,7028120,1970-08-18,1970,8,18,,21.7,,11.1,,16.4,,1.6,,0,,0,,0,,0,,0,,,,,
-71.9,45.4,SHERBROOKE,7028120,1970-08-19,1970,8,19,,26.1,,8.3,,17.2,,0.8,,0,,1.8,,0,,1.8,,0,,,,,
-71.9,45.4,SHERBROOKE,7028120,1970-08-20,1970,8,20,,27.2,,17.8,,22.5,,0,,4.5,,13.2,,0,,13.2,,0,,,,,
-71.9,45.4,SHERBROOKE,7028120,1970-08-21,1970,8,21,,22.2,,15,,18.6,,0,,0.6,,0,,0,,0,,0,,,,,
-71.9,45.4,SHERBROOKE,7028120,1970-08-22,1970,8,22,,18.3,,11.1,,14.7,,3.3,,0,,6.1,,0,,6.1,,0,,,,,
-71.9,45.4,SHERBROOKE,7028120,1970-08-23,1970,8,23,,15.6,,12.8,,14.2,,3.8,,0,,16.8,,0,,16.8,,0,,,,,
-71.9,45.4,SHERBROOKE,7028120,1970-08-24,1970,8,24,,21.1,,11.7,,16.4,,1.6,,0,,0,,0,,0,,0,,,,,
-71.9,45.4,SHERBROOKE,7028120,1970-08-25,1970,8,25,,23.3,,12.8,,18.1,,0,,0.1,,0,,0,,0,,0,,,,,
-71.9,45.4,SHERBROOKE,7028120,1970-08-26,1970,8,26,,21.1,,15.6,,18.4,,0,,0.4,,21.8,,0,,21.8,,0,,,,,
-71.9,45.4,SHERBROOKE,7028120,1970-08-27,1970,8,27,,19.4,,12.2,,15.8,,2.2,,0,,0.3,,0,,0.3,,0,,,,,
-71.9,45.4,SHERBROOKE,7028120,1970-08-28,1970,8,28,,23.9,,11.7,,17.8,,0.2,,0,,3.6,,0,,3.6,,0,,,,,
-71.9,45.4,SHERBROOKE,7028120,1970-08-29,1970,8,29,,21.1,,15,,18.1,,0,,0.1,,0,T,0,,0,T,0,,,,,
-71.9,45.4,SHERBROOKE,7028120,1970-08-30,1970,8,30,,18.9,,10,,14.5,,3.5,,0,,10.4,,0,,10.4,,0,,,,,
-71.9,45.4,SHERBROOKE,7028120,1970-08-31,1970,8,31,,18.3,,13.9,,16.1,,1.9,,0,,0,,0,,0,,0,,,,,
-71.9,45.4,SHERBROOKE,7028120,1970-09-01,1970,9,1,,15.6,,7.8,,11.7,,6.3,,0,,0,,0,,0,,0,,,,,
-71.9,45.4,SHERBROOKE,7028120,1970-09-02,1970,9,2,,17.8,,10.6,,14.2,,3.8,,0,,0,,0,,0,,0,,,,,
-71.9,45.4,SHERBROOKE,7028120,1970-09-03,1970,9,3,,19.4,,3.9,,11.7,,6.3,,0,,21.1,,0,,21.1,,0,,,,,
-71.9,45.4,SHERBROOKE,7028120,1970-09-04,1970,9,4,,22.2,,12.2,,17.2,,0.8,,0,,11.2,,0,,11.2,,0,,,,,
-71.9,45.4,SHERBROOKE,7028120,1970-09-05,1970,9,5,,20,,16.1,,18.1,,0,,0.1,,4.8,,0,,4.8,,0,,,,,
-71.9,45.4,SHERBROOKE,7028120,1970-09-06,1970,9,6,,16.1,,12.2,,14.2,,3.8,,0,,0,,0,,0,,0,,,,,
-71.9,45.4,SHERBROOKE,7028120,1970-09-07,1970,9,7,,16.1,,8.9,,12.5,,5.5,,0,,0,,0,,0,,0,,,,,
-71.9,45.4,SHERBROOKE,7028120,1970-09-08,1970,9,8,,18.9,,11.1,,15,,3,,0,,0,,0,,0,,0,,,,,
-71.9,45.4,SHERBROOKE,7028120,1970-09-09,1970,9,9,,22.8,,10.6,,16.7,,1.3,,0,,0,,0,,0,,0,,,,,
-71.9,45.4,SHERBROOKE,7028120,1970-09-10,1970,9,10,,23.9,,15.6,,19.8,,0,,1.8,,0,T,0,,0,T,0,,,,,
-71.9,45.4,SHERBROOKE,7028120,1970-09-11,1970,9,11,,19.4,,11.7,,15.6,,2.4,,0,,0,,0,,0,,0,,,,,
-71.9,45.4,SHERBROOKE,7028120,1970-09-12,1970,9,12,,21.7,,8.9,,15.3,,2.7,,0,,0,,0,,0,,0,,,,,
-71.9,45.4,SHERBROOKE,7028120,1970-09-13,1970,9,13,,18.9,,11.1,,15,,3,,0,,0.5,,0,,0.5,,0,,,,,
-71.9,45.4,SHERBROOKE,7028120,1970-09-14,1970,9,14,,14.4,,4.4,,9.4,,8.6,,0,,0,T,0,,0,T,0,,,,,
-71.9,45.4,SHERBROOKE,7028120,1970-09-15,1970,9,15,,12.8,,6.1,,9.5,,8.5,,0,,13,,0,,13,,0,,,,,
-71.9,45.4,SHERBROOKE,7028120,1970-09-16,1970,9,16,,17.8,,8.9,,13.4,,4.6,,0,,0,,0,,0,,0,,,,,
-71.9,45.4,SHERBROOKE,7028120,1970-09-17,1970,9,17,,15,,6.1,,10.6,,7.4,,0,,0.3,,0,,0.3,,0,,,,,
-71.9,45.4,SHERBROOKE,7028120,1970-09-18,1970,9,18,,17.2,,9.4,,13.3,,4.7,,0,,0,,0,,0,,0,,,,,
-71.9,45.4,SHERBROOKE,7028120,1970-09-19,1970,9,19,,19.4,,7.8,,13.6,,4.4,,0,,0,,0,,0,,0,,,,,
-71.9,45.4,SHERBROOKE,7028120,1970-09-20,1970,9,20,,22.2,,10,,16.1,,1.9,,0,,0,T,0,,0,T,0,,,,,
-71.9,45.4,SHERBROOKE,7028120,1970-09-21,1970,9,21,,23.3,,10.6,,17,,1,,0,,18.3,,0,,18.3,,0,,,,,
-71.9,45.4,SHERBROOKE,7028120,1970-09-22,1970,9,22,,27.8,,16.7,,22.3,,0,,4.3,,8.6,,0,,8.6,,0,,,,,
-71.9,45.4,SHERBROOKE,7028120,1970-09-23,1970,9,23,,21.1,,15.6,,18.4,,0,,0.4,,0,,0,,0,,0,,,,,
-71.9,45.4,SHERBROOKE,7028120,1970-09-24,1970,9,24,,20.6,,7.8,,14.2,,3.8,,0,,21.6,,0,,21.6,,0,,,,,
-71.9,45.4,SHERBROOKE,7028120,1970-09-25,1970,9,25,,23.9,,17.2,,20.6,,0,,2.6,,2,,0,,2,,0,,,,,
-71.9,45.4,SHERBROOKE,7028120,1970-09-26,1970,9,26,,22.2,,12.8,,17.5,,0.5,,0,,13.2,,0,,13.2,,0,,,,,
-71.9,45.4,SHERBROOKE,7028120,1970-09-27,1970,9,27,,14.4,,11.7,,13.1,,4.9,,0,,0.8,,0,,0.8,,0,,,,,
-71.9,45.4,SHERBROOKE,7028120,1970-09-28,1970,9,28,,13.3,,6.1,,9.7,,8.3,,0,,1.5,,0,,1.5,,0,,,,,
-71.9,45.4,SHERBROOKE,7028120,1970-09-29,1970,9,29,,11.7,,7.8,,9.8,,8.2,,0,,5.1,,0,,5.1,,0,,,,,
-71.9,45.4,SHERBROOKE,7028120,1970-09-30,1970,9,30,,12.2,,6.7,,9.5,,8.5,,0,,0,,0,,0,,0,,,,,
-71.9,45.4,SHERBROOKE,7028120,1970-10-01,1970,10,1,,15,,5,,10,,8,,0,,0,,0,,0,,0,,,,,
-71.9,45.4,SHERBROOKE,7028120,1970-10-02,1970,10,2,,15.6,,5,,10.3,,7.7,,0,,2.8,,0,,2.8,,0,,,,,
-71.9,45.4,SHERBROOKE,7028120,1970-10-03,1970,10,3,,17.2,,10,,13.6,,4.4,,0,,4.1,,0,,4.1,,0,,,,,
-71.9,45.4,SHERBROOKE,7028120,1970-10-04,1970,10,4,,12.2,,7.2,,9.7,,8.3,,0,,0.5,,0,,0.5,,0,,,,,
-71.9,45.4,SHERBROOKE,7028120,1970-10-05,1970,10,5,,12.2,,5,,8.6,,9.4,,0,,0,,0,,0,,0,,,,,
-71.9,45.4,SHERBROOKE,7028120,1970-10-06,1970,10,6,,17.2,,0,,8.6,,9.4,,0,,0,,0,,0,,0,,,,,
-71.9,45.4,SHERBROOKE,7028120,1970-10-07,1970,10,7,,23.3,,12.2,,17.8,,0.2,,0,,0,,0,,0,,0,,,,,
-71.9,45.4,SHERBROOKE,7028120,1970-10-08,1970,10,8,,23.9,,10.6,,17.3,,0.7,,0,,0,,0,,0,,0,,,,,
-71.9,45.4,SHERBROOKE,7028120,1970-10-09,1970,10,9,,27.2,,9.4,,18.3,,0,,0.3,,0,,0,,0,,0,,,,,
-71.9,45.4,SHERBROOKE,7028120,1970-10-10,1970,10,10,,25,,9.4,,17.2,,0.8,,0,,0,T,0,,0,T,0,,,,,
-71.9,45.4,SHERBROOKE,7028120,1970-10-11,1970,10,11,,17.8,,13.9,,15.9,,2.1,,0,,3.3,,0,,3.3,,0,,,,,
-71.9,45.4,SHERBROOKE,7028120,1970-10-12,1970,10,12,,21.7,,10.6,,16.2,,1.8,,0,,3.8,,0,,3.8,,0,,,,,
-71.9,45.4,SHERBROOKE,7028120,1970-10-13,1970,10,13,,18.9,,14.4,,16.7,,1.3,,0,,3.3,,0,,3.3,,0,,,,,
-71.9,45.4,SHERBROOKE,7028120,1970-10-14,1970,10,14,,24.4,,14.4,,19.4,,0,,1.4,,16,,0,,16,,0,,,,,
-71.9,45.4,SHERBROOKE,7028120,1970-10-15,1970,10,15,,13.9,,11.7,,12.8,,5.2,,0,,4.3,,0,,4.3,,0,,,,,
-71.9,45.4,SHERBROOKE,7028120,1970-10-16,1970,10,16,,7.2,,3.9,,5.6,,12.4,,0,,0,,0,T,0,T,0,,,,,
-71.9,45.4,SHERBROOKE,7028120,1970-10-17,1970,10,17,,5.6,,-0.6,,2.5,,15.5,,0,,0,,0,,0,,0,,,,,
-71.9,45.4,SHERBROOKE,7028120,1970-10-18,1970,10,18,,12.8,,0,,6.4,,11.6,,0,,0.3,,0,,0.3,,0,,,,,
-71.9,45.4,SHERBROOKE,7028120,1970-10-19,1970,10,19,,5,,-1.1,,2,,16,,0,,0,,0,,0,,0,,,,,
-71.9,45.4,SHERBROOKE,7028120,1970-10-20,1970,10,20,,7.2,,-3.3,,2,,16,,0,,0,,0,,0,,0,,,,,
-71.9,45.4,SHERBROOKE,7028120,1970-10-21,1970,10,21,,12.8,,0,,6.4,,11.6,,0,,0.8,,0,,0.8,,0,,,,,
-71.9,45.4,SHERBROOKE,7028120,1970-10-22,1970,10,22,,16.7,,8.3,,12.5,,5.5,,0,,10.4,,0,,10.4,,0,,,,,
-71.9,45.4,SHERBROOKE,7028120,1970-10-23,1970,10,23,,16.7,,11.7,,14.2,,3.8,,0,,2,,0,,2,,0,,,,,
-71.9,45.4,SHERBROOKE,7028120,1970-10-24,1970,10,24,,13.3,,10,,11.7,,6.3,,0,,0,,0,,0,,0,,,,,
-71.9,45.4,SHERBROOKE,7028120,1970-10-25,1970,10,25,,12.8,,8.9,,10.9,,7.1,,0,,0,,0,,0,,0,,,,,
-71.9,45.4,SHERBROOKE,7028120,1970-10-26,1970,10,26,,12.8,,7.2,,10,,8,,0,,0,,0,,0,,0,,,,,
-71.9,45.4,SHERBROOKE,7028120,1970-10-27,1970,10,27,,7.8,,0.6,,4.2,,13.8,,0,,0,,0,,0,,0,,,,,
-71.9,45.4,SHERBROOKE,7028120,1970-10-28,1970,10,28,,10,,-5,,2.5,,15.5,,0,,0,,0,,0,,0,,,,,
-71.9,45.4,SHERBROOKE,7028120,1970-10-29,1970,10,29,,11.7,,-2.8,,4.5,,13.5,,0,,0,,0,,0,,0,,,,,
-71.9,45.4,SHERBROOKE,7028120,1970-10-30,1970,10,30,,13.3,,-2.2,,5.6,,12.4,,0,,0,,0,,0,,0,,,,,
-71.9,45.4,SHERBROOKE,7028120,1970-10-31,1970,10,31,,14.4,,-2.2,,6.1,,11.9,,0,,0,,0,,0,,0,,,,,
-71.9,45.4,SHERBROOKE,7028120,1970-11-01,1970,11,1,,15.6,,2.8,,9.2,,8.8,,0,,0,,0,,0,,,,,,,
-71.9,45.4,SHERBROOKE,7028120,1970-11-02,1970,11,2,,16.7,,3.9,,10.3,,7.7,,0,,0,,0,,0,,,,,,,
-71.9,45.4,SHERBROOKE,7028120,1970-11-03,1970,11,3,,8.3,,2.8,,5.6,,12.4,,0,,0,,0,,0,,,,,,,
-71.9,45.4,SHERBROOKE,7028120,1970-11-04,1970,11,4,,8.3,,-4.4,,2,,16,,0,,0,,0,,0,,,,,,,
-71.9,45.4,SHERBROOKE,7028120,1970-11-05,1970,11,5,,5,,-3.3,,0.9,,17.1,,0,,0.8,,0,,0.8,,,,,,,
-71.9,45.4,SHERBROOKE,7028120,1970-11-06,1970,11,6,,7.8,,0,,3.9,,14.1,,0,,0,,0,,0,,,,,,,
-71.9,45.4,SHERBROOKE,7028120,1970-11-07,1970,11,7,,9.4,,4.4,,6.9,,11.1,,0,,0.5,,0,,0.5,,,,,,,
-71.9,45.4,SHERBROOKE,7028120,1970-11-08,1970,11,8,,5.6,,-5.6,,0,,18,,0,,0,,0,,0,,,,,,,
-71.9,45.4,SHERBROOKE,7028120,1970-11-09,1970,11,9,,11.7,,-5.6,,3.1,,14.9,,0,,0,,0,,0,,,,,,,
-71.9,45.4,SHERBROOKE,7028120,1970-11-10,1970,11,10,,12.8,,0.6,,6.7,,11.3,,0,,2,,0,,2,,,,,,,
-71.9,45.4,SHERBROOKE,7028120,1970-11-11,1970,11,11,,13.3,,3.9,,8.6,,9.4,,0,,2,,0,,2,,,,,,,
-71.9,45.4,SHERBROOKE,7028120,1970-11-12,1970,11,12,,13.3,,7.8,,10.6,,7.4,,0,,0.8,,0,,0.8,,,,,,,
-71.9,45.4,SHERBROOKE,7028120,1970-11-13,1970,11,13,,9.4,,5.6,,7.5,,10.5,,0,,2,,0,,2,,,,,,,
-71.9,45.4,SHERBROOKE,7028120,1970-11-14,1970,11,14,,3.9,,2.8,,3.4,,14.6,,0,,7.4,,0,,7.4,,,,,,,
-71.9,45.4,SHERBROOKE,7028120,1970-11-15,1970,11,15,,2.2,,1.7,,2,,16,,0,,1.5,,28.4,,30,,,,,,,
-71.9,45.4,SHERBROOKE,7028120,1970-11-16,1970,11,16,,1.7,,-3.3,,-0.8,,18.8,,0,,0,T,0,T,0,T,,,,,,
-71.9,45.4,SHERBROOKE,7028120,1970-11-17,1970,11,17,,2.8,,-3.9,,-0.6,,18.6,,0,,0,,0,T,0,T,,,,,,
-71.9,45.4,SHERBROOKE,7028120,1970-11-18,1970,11,18,,3.3,,-5,,-0.9,,18.9,,0,,0,,0,,0,,,,,,,
-71.9,45.4,SHERBROOKE,7028120,1970-11-19,1970,11,19,,4.4,,1.1,,2.8,,15.2,,0,,6.1,,0,,6.1,,,,,,,
-71.9,45.4,SHERBROOKE,7028120,1970-11-20,1970,11,20,,7.8,,-0.6,,3.6,,14.4,,0,,8.1,,0,,8.1,,,,,,,
-71.9,45.4,SHERBROOKE,7028120,1970-11-21,1970,11,21,,6.7,,1.1,,3.9,,14.1,,0,,0,,3,,3,,,,,,,
-71.9,45.4,SHERBROOKE,7028120,1970-11-22,1970,11,22,,7.2,,0,,3.6,,14.4,,0,,0,,9.9,,9.9,,,,,,,
-71.9,45.4,SHERBROOKE,7028120,1970-11-23,1970,11,23,,0,,-2.2,,-1.1,,19.1,,0,,0,,3,,3,,,,,,,
-71.9,45.4,SHERBROOKE,7028120,1970-11-24,1970,11,24,,-1.7,,-7.8,,-4.8,,22.8,,0,,0,,1.5,,1.5,,,,,,,
-71.9,45.4,SHERBROOKE,7028120,1970-11-25,1970,11,25,,-3.9,,-8.9,,-6.4,,24.4,,0,,0,,0,,0,,,,,,,
-71.9,45.4,SHERBROOKE,7028120,1970-11-26,1970,11,26,,0,,-12.2,,-6.1,,24.1,,0,,0,,1.3,,1.3,,,,,,,
-71.9,45.4,SHERBROOKE,7028120,1970-11-27,1970,11,27,,1.7,,-2.8,,-0.6,,18.6,,0,,0.8,,0,,0.8,,,,,,,
-71.9,45.4,SHERBROOKE,7028120,1970-11-28,1970,11,28,,2.2,,0.6,,1.4,,16.6,,0,,11.7,,1.5,,13.2,,,,,,,
-71.9,45.4,SHERBROOKE,7028120,1970-11-29,1970,11,29,,3.9,,-1.1,,1.4,,16.6,,0,,3,,0,,3,,,,,,,
-71.9,45.4,SHERBROOKE,7028120,1970-11-30,1970,11,30,,5,,1.7,,3.4,,14.6,,0,,0,T,0,,0,T,,,,,,
-71.9,45.4,SHERBROOKE,7028120,1970-12-01,1970,12,1,,7.8,,-6.7,,0.6,,17.4,,0,,1.3,,0,,1.3,,,,,,,
-71.9,45.4,SHERBROOKE,7028120,1970-12-02,1970,12,2,,12.8,,2.2,,7.5,,10.5,,0,,0,,0,,0,,,,,,,
-71.9,45.4,SHERBROOKE,7028120,1970-12-03,1970,12,3,,5,,0,,2.5,,15.5,,0,,0,,6.6,,6.6,,,,,,,
-71.9,45.4,SHERBROOKE,7028120,1970-12-04,1970,12,4,,-4.4,,-12.2,,-8.3,,26.3,,0,,0,,3.6,,3.6,,,,,,,
-71.9,45.4,SHERBROOKE,7028120,1970-12-05,1970,12,5,,-5.6,,-11.7,,-8.7,,26.7,,0,,0,,4.6,,4.6,,,,,,,
-71.9,45.4,SHERBROOKE,7028120,1970-12-06,1970,12,6,,-5,,-8.9,,-7,,25,,0,,0,,3,,3,,,,,,,
-71.9,45.4,SHERBROOKE,7028120,1970-12-07,1970,12,7,,-10,,-14.4,,-12.2,,30.2,,0,,0,,0,,0,,,,,,,
-71.9,45.4,SHERBROOKE,7028120,1970-12-08,1970,12,8,,-9.4,,-19.4,,-14.4,,32.4,,0,,0,,1.5,,1.5,,,,,,,
-71.9,45.4,SHERBROOKE,7028120,1970-12-09,1970,12,9,,-2.8,,-17.8,,-10.3,,28.3,,0,,0,,16.3,,16.3,,,,,,,
-71.9,45.4,SHERBROOKE,7028120,1970-12-10,1970,12,10,,-6.1,,-10.6,,-8.4,,26.4,,0,,0,,1.3,,1.3,,,,,,,
-71.9,45.4,SHERBROOKE,7028120,1970-12-11,1970,12,11,,-9.4,,-13.3,,-11.4,,29.4,,0,,0,,0,,0,,,,,,,
-71.9,45.4,SHERBROOKE,7028120,1970-12-12,1970,12,12,,-10.6,,-24.4,,-17.5,,35.5,,0,,0,,0,,0,,,,,,,
-71.9,45.4,SHERBROOKE,7028120,1970-12-13,1970,12,13,,-6.7,,-20,,-13.4,,31.4,,0,,0,,9.1,,9.1,,,,,,,
-71.9,45.4,SHERBROOKE,7028120,1970-12-14,1970,12,14,,-8.3,,-10.6,,-9.5,,27.5,,0,,0,,1.3,,1.3,,,,,,,
-71.9,45.4,SHERBROOKE,7028120,1970-12-15,1970,12,15,,-10,,-17.8,,-13.9,,31.9,,0,,0,,0,,0,,,,,,,
-71.9,45.4,SHERBROOKE,7028120,1970-12-16,1970,12,16,,-6.1,,-24.4,,-15.3,,33.3,,0,,0,,7.1,,7.1,,,,,,,
-71.9,45.4,SHERBROOKE,7028120,1970-12-17,1970,12,17,,-3.9,,-11.1,,-7.5,,25.5,,0,,0,,12.7,,12.7,,,,,,,
-71.9,45.4,SHERBROOKE,7028120,1970-12-18,1970,12,18,,-4.4,,-9.4,,-6.9,,24.9,,0,,0,,1.3,,1.3,,,,,,,
-71.9,45.4,SHERBROOKE,7028120,1970-12-19,1970,12,19,,-3.9,,-6.1,,-5,,23,,0,,0,,8.6,,8.6,,,,,,,
-71.9,45.4,SHERBROOKE,7028120,1970-12-20,1970,12,20,,-4.4,,-12.2,,-8.3,,26.3,,0,,0,,1.8,,1.8,,,,,,,
-71.9,45.4,SHERBROOKE,7028120,1970-12-21,1970,12,21,,-13.9,,-20.6,,-17.3,,35.3,,0,,0,,0,,0,,,,,,,
-71.9,45.4,SHERBROOKE,7028120,1970-12-22,1970,12,22,,-15,,-31.7,,-23.4,,41.4,,0,,0,,15.5,,15.5,,,,,,,
-71.9,45.4,SHERBROOKE,7028120,1970-12-23,1970,12,23,,-7.2,,-20,,-13.6,,31.6,,0,,0,,10.7,,10.7,,,,,,,
-71.9,45.4,SHERBROOKE,7028120,1970-12-24,1970,12,24,,-6.7,,-13.9,,-10.3,,28.3,,0,,0,,15.7,,15.7,,,,,,,
-71.9,45.4,SHERBROOKE,7028120,1970-12-25,1970,12,25,,-11.1,,-21.7,,-16.4,,34.4,,0,,0,,2.3,,2.3,,,,,,,
-71.9,45.4,SHERBROOKE,7028120,1970-12-26,1970,12,26,,-5.6,,-15.6,,-10.6,,28.6,,0,,0,,4.3,,4.3,,,,,,,
-71.9,45.4,SHERBROOKE,7028120,1970-12-27,1970,12,27,,-8.3,,-14.4,,-11.4,,29.4,,0,,0,,2.3,,2.3,,,,,,,
-71.9,45.4,SHERBROOKE,7028120,1970-12-28,1970,12,28,,-10.6,,-14.4,,-12.5,,30.5,,0,,0,,1.8,,1.8,,,,,,,
-71.9,45.4,SHERBROOKE,7028120,1970-12-29,1970,12,29,,-8.9,,-13.3,,-11.1,,29.1,,0,,0,,0.3,,0.3,,,,,,,
-71.9,45.4,SHERBROOKE,7028120,1970-12-30,1970,12,30,,-12.8,,-17.8,,-15.3,,33.3,,0,,0,,3,,3,,,,,,,
-71.9,45.4,SHERBROOKE,7028120,1970-12-31,1970,12,31,,-9.4,,-15.6,,-12.5,,30.5,,0,,0,,0,,0,,,,,,,
